feedback_times,probabilityLeft,contrastLeft,feedbackType,goCue_times,stimOn_times,choice,rewardVolume,firstMovement_times,contrastRight,response_times
44.3375,0.5,,-1.0,4.3596,,1.0,0.0,44.008798574141686,0.25,44.308
49.4592,0.5,,1.0,48.270900000000005,48.234300000000005,-1.0,1.5,49.21279857414111,1.0,49.4591
53.5256,0.5,,-1.0,53.3486,53.317499999999995,1.0,0.0,53.26279857414066,0.0,53.4814
57.7641,0.5,,-1.0,56.998999999999995,56.9674,1.0,0.0,57.131798574140234,0.0,57.73349999999999
64.13090000000001,0.5,,-1.0,62.4577,62.42590000000001,1.0,0.0,63.624798574139525,0.0,64.0981
72.5219,0.5,0.0625,-1.0,68.1364,68.1092,-1.0,0.0,69.51479857413888,,72.4928
80.1165,0.5,,1.0,77.45949999999999,77.4255,-1.0,1.5,79.94679857413773,0.0625,80.1164
83.95429999999999,0.5,0.25,-1.0,83.80529999999999,83.77539999999999,-1.0,0.0,83.69979857413732,,83.91499999999999
88.21390000000001,0.5,1.0,1.0,87.8078,87.7754,1.0,1.5,87.91679857413685,,88.2138
91.25869999999999,0.5,0.0625,1.0,90.9572,90.9254,1.0,1.5,91.0017985741365,,91.2586
96.1012,0.5,0.0625,1.0,95.08670000000001,95.05850000000001,1.0,1.5,95.90979857413596,,96.1011
98.99029999999999,0.5,0.0,1.0,98.80409999999999,98.7667,1.0,1.5,98.77479857413564,,98.99019999999999
102.7086,0.5,1.0,1.0,102.3776,102.3415,1.0,1.5,102.41679857413526,,102.7085
106.4377,0.5,0.125,1.0,106.131,106.0998,1.0,1.5,106.17079857413484,,106.4376
109.1694,0.5,,-1.0,108.92039999999999,108.8915,1.0,0.0,108.92079857413454,0.25,109.1249
112.9479,0.5,,1.0,112.6868,112.6583,-1.0,1.5,112.68679857413412,1.0,112.9478
118.04549999999999,0.5,,-1.0,115.9202,115.8915,1.0,0.0,116.75179857413367,0.0,118.0123
122.0015,0.5,1.0,1.0,121.7149,121.68289999999999,1.0,1.5,121.77779857413312,,122.00139999999999
125.036,0.5,0.0,1.0,124.62030000000001,124.59130000000002,1.0,1.5,124.6857985741328,,125.0359
129.04579999999999,0.5,,-1.0,128.7168,128.6912,1.0,0.0,128.77479857413235,0.0625,129.01579999999998
133.136,0.5,,1.0,132.8143,132.7828,-1.0,1.5,132.8717985741319,1.0,133.1359
137.55499999999998,0.5,0.125,1.0,137.0958,137.0655,1.0,1.5,137.13879857413144,,137.5549
141.4944,0.5,0.125,1.0,140.92530000000002,140.88240000000002,1.0,1.5,141.018798574131,,141.4943
144.6098,0.5,0.0,1.0,144.1027,144.0659,1.0,1.5,144.30279857413066,,144.6097
148.36919999999998,0.5,,-1.0,148.16019999999997,148.12419999999997,1.0,0.0,148.1667985741302,0.0625,148.33819999999997
152.429,0.5,,1.0,152.1266,152.0987,-1.0,1.5,152.18779857412977,0.25,152.4289
156.1411,0.5,,-1.0,155.22,155.1905,1.0,0.0,155.5977985741294,0.0625,156.01069999999999
160.27190000000002,0.5,0.125,1.0,159.7386,159.7073,1.0,1.5,160.05779857412892,,160.2718
164.1652,0.5,0.0625,1.0,162.8239,162.7905,1.0,1.5,163.27579857412857,,164.16510000000002
167.4385,0.5,,-1.0,166.7414,166.707,1.0,0.0,166.78179857412817,0.0625,167.409
171.237,0.5,,-1.0,171.0479,171.0147,1.0,0.0,171.0637985741277,0.0,171.2062
175.1105,0.5,1.0,1.0,174.76239999999999,174.7318,1.0,1.5,174.8407985741273,,175.1104
177.9372,0.5,1.0,1.0,177.61169999999998,177.5814,1.0,1.5,177.71979857412697,,177.9371
182.7913,0.5,,1.0,182.51330000000002,182.48160000000001,-1.0,1.5,182.57779857412643,1.0,182.7912
188.9247,0.5,,1.0,188.8151,188.7816,-1.0,1.5,188.72779857412576,1.0,188.9246
191.7335,0.5,0.0625,-1.0,191.4844,191.4565,-1.0,0.0,191.51479857412545,,191.7022
196.5682,0.5,,1.0,196.287,196.25639999999999,-1.0,1.5,196.34979857412492,0.25,196.5681
201.5207,0.5,,-1.0,199.1834,199.1564,1.0,0.0,199.65679857412456,0.0,201.4909
205.68619999999999,0.5,,-1.0,205.1341,205.106,1.0,0.0,205.5067985741239,0.0,205.65679999999998
214.5217,0.5,0.0,1.0,209.57170000000002,209.5396,1.0,1.5,212.0477985741232,,214.5216
217.9938,0.5,0.0,1.0,217.3096,217.28089999999997,1.0,1.5,217.84379857412256,,217.9937
221.4029,0.5,0.0,1.0,220.57899999999998,220.54749999999999,1.0,1.5,221.07479857412218,,221.40279999999998
225.9727,0.5,,-1.0,224.0444,224.0144,1.0,0.0,225.85079857412168,0.0625,225.9386
230.0344,0.5,0.0625,1.0,229.5141,229.4807,1.0,1.5,229.60479857412125,,230.0343
233.3406,0.5,,-1.0,232.5355,232.5057,1.0,0.0,233.09179857412087,0.0,233.3093
237.8577,0.5,0.0,1.0,237.122,237.0889,1.0,1.5,237.66879857412036,,237.85760000000002
240.98850000000002,0.5,,-1.0,240.5634,240.5301,1.0,0.0,240.71179857412002,0.0625,240.9521
245.5567,0.5,,1.0,245.258,245.2302,-1.0,1.5,245.32579857411952,0.25,245.5566
249.48850000000002,0.5,,-1.0,249.24750000000003,249.21350000000004,1.0,0.0,249.2687985741191,0.0,249.45150000000004
253.31519999999998,0.5,1.0,1.0,252.946,252.9134,1.0,1.5,253.08579857411868,,253.3151
257.7085000000001,0.5,,-1.0,256.06730000000005,256.03860000000003,1.0,0.0,257.42379857411817,0.0,257.67510000000004
261.57500000000005,0.5,,-1.0,261.45400000000006,261.42170000000004,1.0,0.0,261.4097985741177,0.0,261.5427
265.56510000000003,0.5,,1.0,265.30850000000004,265.2796,-1.0,1.5,265.3597985741173,1.0,265.56500000000005
268.50210000000004,0.5,1.0,1.0,268.19380000000007,268.16310000000004,1.0,1.5,268.26579857411696,,268.50200000000007
272.1803,0.5,,-1.0,271.2032,271.1715,1.0,0.0,271.99479857411654,0.125,272.15090000000004
276.68760000000003,0.5,1.0,1.0,276.4138,276.3797,1.0,1.5,276.4737985741161,,276.6875
280.6505,0.5,0.125,1.0,280.2993,280.26300000000003,1.0,1.5,280.36679857411565,,280.65040000000005
283.6023,0.5,1.0,1.0,283.2087,283.1793,1.0,1.5,283.30079857411533,,283.60220000000004
286.6048,0.5,1.0,1.0,286.386,286.3546,1.0,1.5,286.32579857411497,,286.6047
290.6206,0.5,,-1.0,289.1594,289.1293,1.0,0.0,290.12779857411454,1.0,290.5786
294.5812,0.5,0.25,1.0,294.19800000000004,294.17100000000005,1.0,1.5,294.3667985741141,,294.58110000000005
297.3244,0.5,0.125,-1.0,297.18340000000006,297.15430000000003,-1.0,0.0,297.1527985741138,,297.25880000000006
301.999,0.5,,-1.0,300.82180000000005,300.78760000000005,1.0,0.0,301.8347985741133,1.0,301.9712
306.36100000000005,0.5,,1.0,306.1555,306.12910000000005,-1.0,1.5,306.1867985741128,1.0,306.3609
309.40500000000003,0.5,0.125,1.0,309.0088,308.97920000000005,1.0,1.5,309.24179857411247,,309.4049
312.79530000000005,0.5,,-1.0,311.93420000000003,311.90400000000005,1.0,0.0,312.5987985741121,0.25,312.76490000000007
317.9066,0.5,0.0,1.0,317.6929,317.6622,1.0,1.5,317.7027985741115,,317.9065
320.9309,0.5,,1.0,320.46220000000005,320.42850000000004,-1.0,1.5,320.5237985741112,1.0,320.93080000000003
324.5487,0.5,,-1.0,323.5276,323.49530000000004,1.0,0.0,324.1577985741108,0.0625,324.51480000000004
329.14290000000005,0.5,0.125,1.0,328.9823,328.9537,1.0,1.5,328.9147985741103,,329.1428
332.85570000000007,0.5,,-1.0,331.74760000000003,331.72030000000007,1.0,0.0,332.6127985741099,0.0625,332.82630000000006
338.4816,0.5,0.125,1.0,337.4173,337.38680000000005,1.0,1.5,338.29379857410925,,338.48150000000004
341.50610000000006,0.5,0.25,1.0,341.12270000000007,341.0948,1.0,1.5,341.2937985741089,,341.50600000000003
346.6854,0.5,,-1.0,344.16810000000004,344.13680000000005,1.0,0.0,345.0777985741085,0.125,346.6548
351.6044,0.5,,1.0,351.323,351.2943,-1.0,1.5,351.40379857410784,0.125,351.6043
355.7506,0.5,0.0625,1.0,355.5565,355.52810000000005,1.0,1.5,355.58479857410737,,355.75050000000005
360.0991,0.5,,-1.0,358.60190000000006,358.56980000000004,1.0,0.0,359.88779857410685,0.0,360.06680000000006
364.71770000000004,0.5,0.125,1.0,364.34060000000005,364.3109,1.0,1.5,364.59579857410637,,364.7176
367.85470000000004,0.5,0.125,1.0,367.442,367.41080000000005,1.0,1.5,367.67479857410603,,367.8546
371.11240000000004,0.5,,-1.0,370.50730000000004,370.4778,1.0,0.0,370.90479857410566,0.0625,371.0817
375.03060000000005,0.5,1.0,1.0,374.72180000000003,374.69430000000006,1.0,1.5,374.7307985741052,,375.0305000000001
379.9685,0.5,,-1.0,377.6592,377.6277,1.0,0.0,379.6697985741047,0.125,379.9389
383.7662,0.5,0.0625,1.0,383.68190000000004,383.6526,1.0,1.5,383.5637985741043,,383.7661
387.34940000000006,0.5,0.0,1.0,386.4073,386.3772,1.0,1.5,387.14879857410386,,387.3493
390.2438,0.5,0.125,1.0,390.0407,390.0101,1.0,1.5,390.04979857410353,,390.2437
393.37050000000005,0.5,0.0625,1.0,393.0221,392.9938,1.0,1.5,393.1357985741032,,393.3704000000001
396.3906,0.5,0.0,1.0,396.1315,396.1023,1.0,1.5,396.1487985741029,,396.39050000000003
400.03010000000006,0.5,0.0,1.0,399.60490000000004,399.56890000000004,1.0,1.5,399.7957985741025,,400.03000000000003
403.0647,0.5,0.25,1.0,402.7293,402.70210000000003,1.0,1.5,402.75779857410214,,403.06460000000004
407.60290000000003,0.5,,-1.0,406.78180000000003,406.752,1.0,0.0,407.38879857410166,0.0625,407.5704
413.4656,0.8,0.0,-1.0,412.70050000000003,412.6686,-1.0,0.0,413.328798574101,,413.4368
418.61620000000005,0.8,1.0,1.0,418.3512,418.31820000000005,1.0,1.5,418.41379857410044,,418.6161
422.59540000000004,0.8,,1.0,422.11660000000006,422.08520000000004,-1.0,1.5,422.43879857409996,0.125,422.5953
425.82830000000007,0.8,0.125,1.0,425.1820000000001,425.15170000000006,1.0,1.5,425.67079857409965,,425.82820000000004
429.632,0.8,0.0625,1.0,428.5634,428.5349,1.0,1.5,428.44279857409936,,429.63190000000003
432.56440000000003,0.8,0.0,1.0,432.2649,432.23470000000003,1.0,1.5,432.10679857409895,,432.5643
436.37230000000005,0.8,1.0,1.0,436.04630000000003,436.01820000000004,1.0,1.5,436.13479857409845,,436.3722
439.4216,0.8,1.0,1.0,439.1397,439.10920000000004,1.0,1.5,439.19979857409817,,439.42150000000004
443.26610000000005,0.8,0.0,1.0,443.02920000000006,443.0013,1.0,1.5,442.90979857409775,,443.266
446.8004,0.8,0.0625,1.0,446.07860000000005,446.0513,1.0,1.5,446.59279857409734,,446.80030000000005
451.2479,0.8,0.0,1.0,450.2641,450.2345,1.0,1.5,451.11679857409683,,451.2478
455.5787,0.8,,-1.0,454.44560000000007,454.4177,1.0,0.0,455.3037985740964,0.0625,455.54690000000005
459.71360000000004,0.8,0.0625,1.0,459.20020000000005,459.1675,1.0,1.5,459.4927985740959,,459.71350000000007
463.9361,0.8,0.25,1.0,463.5697,463.54240000000004,1.0,1.5,463.73779857409545,,463.93600000000004
468.03530000000006,0.8,0.25,1.0,467.58720000000005,467.5586,1.0,1.5,467.807798574095,,468.03520000000003
471.23,0.8,0.0,1.0,470.85260000000005,470.8256,1.0,1.5,470.99579857409464,,471.22990000000004
474.1435,0.8,0.125,1.0,473.886,473.8507,1.0,1.5,473.89079857409433,,474.14340000000004
477.9315,0.8,0.0625,1.0,477.63140000000004,477.60050000000007,1.0,1.5,477.6467985740939,,477.93140000000005
481.00480000000005,0.8,,-1.0,480.61280000000005,480.58380000000005,1.0,0.0,480.6747985740936,0.0625,480.9757000000001
485.05870000000004,0.8,0.25,1.0,484.73830000000004,484.70810000000006,1.0,1.5,484.81879857409314,,485.0586
488.9861000000001,0.8,,1.0,488.5477000000001,488.5171,-1.0,1.5,488.7227985740927,1.0,488.98600000000005
492.2855,0.8,0.125,1.0,491.7131,491.6837,1.0,1.5,492.03079857409233,,492.2854
499.01200000000006,0.8,,-1.0,494.93850000000003,494.9080000000001,1.0,0.0,495.7267985740919,0.0625,498.97730000000007
503.39820000000003,0.8,0.125,1.0,503.17350000000005,503.14150000000006,1.0,1.5,503.2147985740911,,503.39810000000006
508.0945,0.8,0.0,1.0,507.5311,507.50000000000006,1.0,1.5,507.8367985740906,,508.0944
512.4978,0.8,1.0,1.0,512.1926,512.158,1.0,1.5,512.2577985740901,,512.4977
518.336,0.8,0.125,1.0,514.9780000000001,514.9497,1.0,1.5,515.2327985740898,,518.3359
522.0117,0.8,1.0,1.0,521.6638,521.6331,1.0,1.5,521.7447985740891,,522.0116
525.1324999999999,0.8,0.0625,1.0,524.7212,524.6905999999999,1.0,1.5,524.9087985740888,,525.1324
530.4682,0.8,0.0,1.0,529.0107,528.9828,1.0,1.5,530.1687985740882,,530.4681
533.193,0.2,,1.0,533.0522,533.0244,-1.0,1.5,533.0027985740878,0.0625,533.1929
540.8031,0.2,,-1.0,537.9258,537.891,1.0,0.0,540.593798574087,0.0,540.7733
544.7712999999999,0.2,,1.0,544.4635999999999,544.4323999999999,-1.0,1.5,544.5407985740866,1.0,544.7711999999999
548.1899999999999,0.2,,-1.0,547.3128999999999,547.2824999999999,1.0,0.0,547.9237985740863,0.0,548.1606999999999
553.7008,0.2,,1.0,552.4316,552.3904,-1.0,1.5,553.5957985740856,0.0625,553.7007
557.4656,0.2,,1.0,557.1890999999999,557.1569,-1.0,1.5,557.2467985740852,0.25,557.4654999999999
561.1582,0.2,,1.0,560.0585,560.024,-1.0,1.5,560.8237985740848,0.0625,561.1581
564.1838999999999,0.2,,1.0,563.872,563.8402,-1.0,1.5,563.9477985740845,0.25,564.1837999999999
567.1061,0.2,,1.0,566.7452999999999,566.7152,-1.0,1.5,566.8157985740842,1.0,567.106
571.7546,0.2,,1.0,571.5149,571.482,-1.0,1.5,571.5337985740837,1.0,571.7545
575.2262,0.2,,1.0,574.3442,574.3153,-1.0,1.5,574.6777985740832,0.25,575.2261
577.9138,0.2,,1.0,577.7736,577.7399,-1.0,1.5,577.7387985740829,1.0,577.9137
590.6051,0.2,,1.0,580.6189999999999,580.5898,-1.0,1.5,590.4497985740816,1.0,590.6049999999999
597.9012,0.2,,1.0,593.5616,593.5316,-1.0,1.5,597.7457985740807,0.125,597.9011
605.0436,0.2,,1.0,600.5674,600.5391,-1.0,1.5,604.9327985740799,0.0,605.0435
608.7184,0.2,0.0,-1.0,608.1934,608.1645,-1.0,0.0,608.4947985740796,,608.6859000000001
612.5772999999999,0.2,,1.0,612.2599,612.231,-1.0,1.5,612.3697985740791,1.0,612.5772
617.2683,0.2,,1.0,615.3572,615.3226999999999,-1.0,1.5,617.1607985740786,0.0625,617.2682
622.7441,0.2,0.0,-1.0,619.9388,619.9058,-1.0,0.0,622.365798574078,,622.7165
626.8057,0.2,,1.0,626.5096,626.4807999999999,-1.0,1.5,626.5607985740776,1.0,626.8055999999999
633.5765,0.2,0.125,-1.0,629.5509999999999,629.5218,-1.0,0.0,633.4017985740768,,633.5475
637.3779,0.2,,1.0,637.2859,637.2556,-1.0,1.5,637.2567985740764,1.0,637.3778
641.0589,0.2,,1.0,640.5432999999999,640.5138,-1.0,1.5,640.882798574076,1.0,641.0588
647.4771,0.2,,1.0,643.8367,643.8056,-1.0,1.5,647.3907985740752,0.0,647.477
650.7615999999999,0.2,,1.0,650.3264999999999,650.2882999999999,-1.0,1.5,650.6387985740749,0.25,650.7615
654.1868999999999,0.2,,1.0,653.4438999999999,653.4134999999999,-1.0,1.5,653.7107985740746,0.0,654.1868
657.1102999999999,0.2,0.0,-1.0,656.7852999999999,656.7548999999999,-1.0,0.0,656.8307985740743,,657.0799999999999
660.9883,0.2,,1.0,660.8277999999999,660.7968999999999,-1.0,1.5,660.8377985740738,1.0,660.9881999999999
664.7118,0.2,,1.0,663.7891999999999,663.7549,-1.0,1.5,664.4977985740734,0.0,664.7117
671.2773,0.2,,1.0,667.3506,667.3210999999999,-1.0,1.5,669.0597985740729,0.0,671.2772
675.1976999999999,0.2,,1.0,674.8554999999999,674.8213,-1.0,1.5,674.9977985740722,0.0,675.1976
678.8649,0.2,0.0,1.0,678.0289,677.9966000000001,1.0,1.5,678.6897985740718,,678.8648000000001
682.4200999999999,0.2,,1.0,681.8663999999999,681.8377999999999,-1.0,1.5,682.2387985740714,0.25,682.42
686.4822999999999,0.2,,1.0,685.3757999999999,685.3462999999999,-1.0,1.5,686.390798574071,1.0,686.4821999999999
690.0992,0.2,,1.0,689.2293000000001,689.1961,-1.0,1.5,689.6747985740706,0.25,690.0991
698.3119,0.2,0.25,1.0,692.6987,692.6713,1.0,1.5,698.2067985740697,,698.3118
701.4508,0.2,,1.0,701.0757,701.0459,-1.0,1.5,701.2227985740693,1.0,701.4507
706.3024,0.2,0.0,-1.0,704.0291,703.996,-1.0,0.0,706.1027985740689,,706.2708
710.0475,0.2,,1.0,709.9318,709.8957,-1.0,1.5,709.8697985740683,0.0,710.0474
715.8413,0.2,0.125,1.0,712.6051,712.5706,1.0,1.5,715.6677985740678,,715.8412000000001
718.9279,0.2,,-1.0,718.5509,718.5201,1.0,0.0,718.6417985740675,0.0,718.8996
722.9653999999999,0.2,,1.0,722.6534,722.6202,-1.0,1.5,722.723798574067,0.125,722.9653
728.0831999999999,0.2,,1.0,725.8146999999999,725.7865999999999,-1.0,1.5,727.9437985740664,0.25,728.0831
731.4713,0.2,1.0,1.0,730.8604,730.8285999999999,1.0,1.5,731.1087985740661,,731.4712
736.6861,0.2,,-1.0,735.3499,735.3201,1.0,0.0,736.4177985740655,0.125,736.6571
744.7811,0.2,,-1.0,740.7316,740.7029,1.0,0.0,744.5167985740645,0.0625,744.7524999999999
749.1988,0.2,,1.0,748.6985,748.6699,-1.0,1.5,749.0287985740641,0.125,749.1986999999999
755.7203999999999,0.2,0.0,-1.0,752.064,752.0364999999999,-1.0,0.0,752.1317985740637,,755.6943
759.7794,0.2,0.0625,1.0,759.3658,759.3363,1.0,1.5,759.5917985740629,,759.7793
764.5445,0.2,,-1.0,763.0633,763.0360000000001,1.0,0.0,764.3257985740624,0.0,764.4985
769.223,0.2,,-1.0,768.3379,768.3028999999999,1.0,0.0,769.0167985740619,0.0625,769.1914999999999
777.121,0.2,,-1.0,773.7275999999999,773.6944,1.0,0.0,776.8457985740611,0.0,777.0853
783.5722,0.2,0.0625,1.0,781.8986,781.8687,1.0,1.5,783.4147985740603,,783.5721
792.0258,0.2,,-1.0,788.5083999999999,788.4775999999999,1.0,0.0,791.8737985740594,0.0,791.9878
795.7683000000001,0.8,0.125,-1.0,795.5913,795.5606,-1.0,0.0,795.6057985740589,,795.7304
801.5026,0.8,0.125,1.0,799.3977,799.3688999999999,1.0,1.5,801.2517985740583,,801.5024999999999
808.8145,0.8,0.0,1.0,805.9235,805.8937,1.0,1.5,808.5887985740575,,808.8144
812.4103,0.8,,-1.0,811.4172,811.3848,1.0,0.0,812.1837985740572,0.0,812.3795
816.5695,0.8,,1.0,816.2038,816.177,-1.0,1.5,816.3017985740566,0.25,816.5694
819.7722,0.8,0.25,1.0,819.2651999999999,819.2348,1.0,1.5,819.5717985740563,,819.7720999999999
823.905,0.8,1.0,1.0,823.5897,823.5600000000001,1.0,1.5,823.6697985740559,,823.9049
827.2148,0.8,0.0625,1.0,826.6541,826.6266999999999,1.0,1.5,826.9397985740555,,827.2147
830.4407,0.8,0.25,1.0,830.2355,830.2015,1.0,1.5,830.2427985740551,,830.4406
833.4206,0.8,0.25,1.0,833.2649,833.2348,1.0,1.5,833.2747985740548,,833.4205
836.1707,0.8,1.0,1.0,836.0101999999999,835.9764,1.0,1.5,835.9897985740545,,836.1706
840.3273999999999,0.8,0.25,1.0,839.9267,839.8928999999999,1.0,1.5,840.0787985740541,,840.3272999999999
843.1731,0.8,,-1.0,842.9561,842.9263,1.0,0.0,842.9747985740537,0.25,843.1452999999999
849.3477999999999,0.8,,-1.0,846.8665,846.8345999999999,1.0,0.0,849.104798574053,0.25,849.3178999999999
853.3318999999999,0.8,0.125,1.0,853.2293,853.2008999999999,1.0,1.5,853.1467985740526,,853.3317999999999
857.0513,0.8,0.25,1.0,856.5387,856.5092,1.0,1.5,856.8677985740522,,857.0512
860.3584,0.8,1.0,1.0,860.0201,859.9926,1.0,1.5,860.1477985740519,,860.3583
863.3164999999999,0.8,0.25,1.0,862.9414999999999,862.9091999999999,1.0,1.5,863.0457985740516,,863.3163999999999
866.1039999999999,0.8,0.0,1.0,866.0069,865.9758999999999,1.0,1.5,865.8447985740512,,866.1039
870.2008999999999,0.8,0.125,1.0,869.5682999999999,869.5257999999999,1.0,1.5,869.8957985740508,,870.2008
873.4875,0.8,0.0625,1.0,872.8966999999999,872.8672999999999,1.0,1.5,873.2777985740504,,873.4873999999999
881.4544,0.8,0.0,1.0,876.2301,876.2007,1.0,1.5,877.4797985740499,,881.4543
884.3091,0.8,,-1.0,884.1761,884.142,1.0,0.0,884.1217985740492,0.125,884.2803
888.5132,0.8,0.125,1.0,888.0626,888.0337,1.0,1.5,888.2997985740487,,888.5131
891.8462999999999,0.8,0.25,1.0,891.5919999999999,891.5586,1.0,1.5,891.6397985740484,,891.8462
895.1275999999999,0.8,0.125,1.0,894.6374,894.6085999999999,1.0,1.5,894.962798574048,,895.1274999999999
898.4816000000001,0.8,0.125,1.0,897.8188,897.7917,1.0,1.5,898.1787985740476,,898.4815
901.7338,0.8,0.125,1.0,901.1202,901.0917999999999,1.0,1.5,901.3737985740473,,901.7337
904.832,0.8,0.125,1.0,904.5616,904.5332999999999,1.0,1.5,904.6027985740469,,904.8318999999999
908.2746,0.8,0.25,1.0,908.151,908.1161999999999,1.0,1.5,908.1277985740466,,908.2745
912.3935,0.8,,-1.0,912.0045,911.975,1.0,0.0,912.1077985740461,0.125,912.362
916.1426,0.8,0.125,1.0,915.9870000000001,915.9581000000001,1.0,1.5,915.8517985740457,,916.1425
921.15,0.8,0.0625,1.0,920.6966,920.6661,1.0,1.5,920.9227985740451,,921.1499
924.012,0.8,1.0,1.0,923.9059,923.8745,1.0,1.5,923.8067985740448,,924.0119
927.6223,0.8,0.0625,1.0,926.7713,926.7413,1.0,1.5,927.4787985740444,,927.6222
930.9365,0.8,0.125,1.0,930.2927,930.2655,1.0,1.5,930.483798574044,,930.9364
934.9669,0.8,0.0625,1.0,934.4652,934.4326,1.0,1.5,934.7477985740436,,934.9667999999999
939.3985,0.8,0.0625,1.0,938.9868,938.9574,1.0,1.5,939.1587985740431,,939.3983999999999
944.0668,0.8,0.0625,1.0,943.8524,943.8154999999999,1.0,1.5,943.8687985740427,,944.0667
947.2148,0.8,,-1.0,946.8538,946.8240999999999,1.0,0.0,946.9317985740423,0.125,947.1786999999999
951.3552,0.8,1.0,1.0,950.9803,950.9488,1.0,1.5,951.0767985740418,,951.3551
954.3607,0.8,0.125,1.0,953.9526,953.924,1.0,1.5,954.1507985740415,,954.3606
958.1510999999999,0.8,,-1.0,957.7660999999999,957.7323,1.0,0.0,957.7747985740411,0.125,958.1202
964.3299000000001,0.8,0.0625,-1.0,962.6527,962.6239,-1.0,0.0,964.1657985740404,,964.2989
968.5971,0.8,0.125,1.0,968.0353,967.9984,1.0,1.5,968.4567985740399,,968.597
972.0849,0.8,0.0,1.0,971.3007,971.2648999999999,1.0,1.5,971.9577985740395,,972.0848
976.0608,0.8,0.25,1.0,975.7613,975.7237,1.0,1.5,975.8087985740391,,976.0607
978.8956999999999,0.8,,-1.0,978.6945999999999,978.6650999999999,1.0,0.0,978.6987985740387,0.125,978.8653999999999
983.6785,0.8,1.0,1.0,983.4732,983.4399999999999,1.0,1.5,983.5207985740383,,983.6784
987.0216,0.8,0.125,1.0,986.3626,986.3317000000001,1.0,1.5,986.8417985740379,,987.0215000000001
990.1529999999999,0.8,,-1.0,989.6439999999999,989.6148999999999,1.0,0.0,989.9197985740376,0.0,990.1206
994.3838,0.8,0.125,1.0,993.8305,993.798,1.0,1.5,994.1397985740371,,994.3837
997.4616,0.8,0.0,1.0,996.9839,996.9563999999999,1.0,1.5,997.3177985740367,,997.4615
1000.5193999999999,0.8,1.0,1.0,1000.1972999999999,1000.1646,1.0,1.5,1000.3017985740364,,1000.5192999999999
1003.5044,0.8,0.125,1.0,1003.3626,1003.3311,1.0,1.5,1003.3627985740361,,1003.5043000000001
1006.452,0.8,,-1.0,1006.268,1006.2309,1.0,0.0,1006.2727985740357,0.0,1006.4182
1012.8652,0.8,0.0,1.0,1010.0535,1010.0228,1.0,1.5,1012.625798574035,,1012.8651
1017.0660999999999,0.8,0.0625,1.0,1016.5193,1016.4892999999998,1.0,1.5,1016.7717985740346,,1017.0659999999999
1020.3335999999998,0.8,0.25,1.0,1019.7045999999999,1019.6726,1.0,1.5,1020.1277985740343,,1020.3334999999998
1023.4832999999998,0.8,0.125,1.0,1023.1460999999998,1023.1135999999998,1.0,1.5,1023.2567985740338,,1023.4831999999998
1027.1166,0.2,,-1.0,1026.3355,1026.3057000000001,1.0,0.0,1026.7157985740334,1.0,1027.0789
1032.2912000000001,0.2,,1.0,1031.8021,1031.7725,-1.0,1.5,1032.1107985740327,0.125,1032.2911000000001
1036.7687,0.2,0.0,-1.0,1035.5956,1035.5635,-1.0,0.0,1036.5947985740322,,1036.7387
1042.4595,0.2,,1.0,1040.7582,1040.7223999999999,-1.0,1.5,1042.3207985740316,0.0625,1042.4594
1046.2551,0.2,,1.0,1045.0917000000002,1045.0637000000002,-1.0,1.5,1046.1807985740313,1.0,1046.255
1051.6936,0.2,,-1.0,1048.8762,1048.8468,1.0,0.0,1051.4557985740307,1.0,1051.6627
1056.6891000000003,0.2,0.125,1.0,1056.2871000000002,1056.2553000000003,1.0,1.5,1056.45779857403,,1056.689
1060.1507000000001,0.2,,1.0,1059.3365000000001,1059.3050000000003,-1.0,1.5,1059.9247985740296,1.0,1060.1506000000002
1064.0631,0.2,,-1.0,1062.9419,1062.9134000000001,1.0,0.0,1063.8827985740293,0.125,1064.0336000000002
1068.0926000000002,0.2,,-1.0,1067.8675,1067.8384,1.0,0.0,1067.896798574029,0.0,1068.0615000000003
1072.8833000000002,0.2,,1.0,1071.8890000000001,1071.8548000000003,-1.0,1.5,1072.7757985740284,0.0,1072.8832000000002
1076.3728,0.2,,1.0,1076.0415,1076.0128,-1.0,1.5,1076.1157985740278,1.0,1076.3727000000001
1079.755,0.2,,-1.0,1079.0259,1078.9957000000002,1.0,0.0,1079.6047985740277,0.125,1079.7232000000001
1085.0468,0.2,0.125,1.0,1083.3764,1083.3463000000002,1.0,1.5,1084.815798574027,,1085.0467
1090.9433000000001,0.2,,-1.0,1088.1180000000002,1088.0879000000002,1.0,0.0,1090.7797985740262,0.0625,1090.9139000000002
1096.8304,0.2,0.0,1.0,1095.1329,1095.1044000000002,1.0,1.5,1096.5707985740257,,1096.8303
1100.6435000000001,0.2,,-1.0,1099.5064000000002,1099.4709000000003,1.0,0.0,1100.4097985740252,1.0,1100.6082000000001
1106.3102000000001,0.2,,-1.0,1104.2930000000001,1104.2625,1.0,0.0,1105.9727985740246,0.125,1106.2683000000002
1112.373,0.2,,-1.0,1111.3118,1111.2787,1.0,0.0,1112.018798574024,0.0625,1112.3397
1116.5315,0.2,,-1.0,1116.0264000000002,1115.9953000000003,1.0,0.0,1116.3447985740236,0.0625,1116.5013000000001
1120.584,0.2,,1.0,1120.1569,1120.1285,-1.0,1.5,1120.4007985740232,1.0,1120.5839
1123.9704,0.2,,-1.0,1123.2973,1123.2704,1.0,0.0,1123.8437985740227,0.0,1123.9357
1130.7652,0.2,,-1.0,1128.2079,1128.1787,1.0,0.0,1130.646798574022,0.0,1130.725
1135.0686,0.2,,1.0,1134.6147,1134.5870000000002,-1.0,1.5,1134.8797985740214,1.0,1135.0685
1141.2415,0.2,0.0,1.0,1138.7762000000002,1138.7451,1.0,1.5,1141.0967985740208,,1141.2414
1146.4181,0.2,,1.0,1144.4059,1144.3780000000002,-1.0,1.5,1146.2997985740203,0.0,1146.4180000000001
1149.7445,0.2,,-1.0,1149.2395,1149.2115,1.0,0.0,1149.45979857402,0.0625,1149.7142
1156.2664,0.2,,1.0,1153.6100000000001,1153.5779,-1.0,1.5,1154.2677985740193,0.0625,1156.2663
1160.7822,0.2,,1.0,1159.3267,1159.2945,-1.0,1.5,1160.5297985740187,0.25,1160.7821
1164.0613000000003,0.2,,-1.0,1163.6162000000002,1163.5860000000002,1.0,0.0,1163.7297985740183,0.0625,1164.0330000000001
1168.4234000000001,0.2,,1.0,1167.7827000000002,1167.7527000000002,-1.0,1.5,1168.1847985740178,0.0,1168.4233000000002
1171.9322000000002,0.2,,-1.0,1171.0841000000003,1171.0528000000002,1.0,0.0,1171.7747985740175,0.0625,1171.8991
1175.8111000000001,0.2,,1.0,1175.6937,1175.6607000000001,-1.0,1.5,1175.693798574017,0.25,1175.8110000000001
1178.9262,0.2,,1.0,1178.5621,1178.5359,-1.0,1.5,1178.6687985740166,0.0,1178.9261
1182.2830000000001,0.2,,1.0,1181.9475000000002,1181.9192,-1.0,1.5,1182.0077985740163,1.0,1182.2829000000002
1191.7818000000002,0.2,,1.0,1185.0368,1185.0025,-1.0,1.5,1191.7237985740153,1.0,1191.7817000000002
1197.1643000000001,0.2,,-1.0,1194.547,1194.5189,1.0,0.0,1197.0467985740147,0.125,1197.1327
1203.2465,0.2,,1.0,1200.8578,1200.8267,-1.0,1.5,1203.0627985740139,0.0,1203.2464
1208.0167000000001,0.2,0.125,-1.0,1206.9555,1206.9270000000001,-1.0,0.0,1207.8277985740135,,1207.9723000000001
1211.7872,0.2,1.0,1.0,1211.6381,1211.6096,1.0,1.5,1211.466798574013,,1211.7871
1215.0715,0.2,,1.0,1214.5464,1214.5185000000001,-1.0,1.5,1214.8897985740127,0.125,1215.0714
1218.1791,0.2,1.0,1.0,1217.8078,1217.7767,1.0,1.5,1217.9287985740123,,1218.179
1224.1673,0.2,0.0,1.0,1220.9052000000001,1220.8768,1.0,1.5,1223.9637985740117,,1224.1672
1228.4561,0.2,,-1.0,1228.3071,1228.2761,1.0,0.0,1228.2747985740111,0.0,1228.4245
1233.2944000000002,0.2,,1.0,1232.9377000000002,1232.9016000000001,-1.0,1.5,1233.0887985740108,1.0,1233.2943000000002
1240.2426000000003,0.2,,1.0,1236.1471000000001,1236.1180000000002,-1.0,1.5,1239.74679857401,0.125,1240.2425
1243.406,0.2,,1.0,1243.1049,1243.0757,-1.0,1.5,1243.1107985740096,0.125,1243.4059
1252.012,0.2,,-1.0,1246.7703999999999,1246.7428,1.0,0.0,1251.8077985740085,0.0,1251.9832
1257.3667,0.2,,-1.0,1255.8615000000002,1255.8344000000002,1.0,0.0,1257.199798574008,0.25,1257.3337000000001
1262.8200000000002,0.2,,1.0,1262.5483000000002,1262.5174000000002,-1.0,1.5,1262.6087985740073,1.0,1262.8199000000002
1266.6228,0.2,,1.0,1266.1608,1266.1343000000002,-1.0,1.5,1266.434798574007,0.125,1266.6227000000001
1270.1379,0.2,0.0625,1.0,1269.4982,1269.459,1.0,1.5,1270.0237985740066,,1270.1378
1275.7089,0.2,,-1.0,1273.2876,1273.2589000000003,1.0,0.0,1275.384798574006,0.0,1275.6722000000002
1279.8794,0.2,,1.0,1279.4544,1279.4254,-1.0,1.5,1279.6947985740055,1.0,1279.8793
1282.8684,0.2,,1.0,1282.6878000000002,1282.6587000000002,-1.0,1.5,1282.5747985740052,0.0,1282.8683
1286.8969000000002,0.2,,1.0,1286.5852000000002,1286.5504,-1.0,1.5,1286.6497985740048,1.0,1286.8968000000002
1294.0802,0.2,,-1.0,1289.6386,1289.6083,1.0,0.0,1293.857798574004,0.0625,1294.0430000000001
1298.2107,0.2,,1.0,1297.8896,1297.8585,-1.0,1.5,1297.9877985740036,0.25,1298.2106
1301.3399,0.2,,1.0,1301.111,1301.075,-1.0,1.5,1301.1207985740032,0.25,1301.3398
1305.5059,0.2,,1.0,1304.1884000000002,1304.1583000000003,-1.0,1.5,1305.4077985740028,0.25,1305.5058000000001
1311.9461000000001,0.2,,1.0,1308.6939,1308.6666,-1.0,1.5,1311.803798574002,0.125,1311.9460000000001
1315.2728000000002,0.2,,-1.0,1314.7797,1314.7499,1.0,0.0,1315.0157985740016,0.125,1315.2396
1319.4233000000002,0.8,0.0,-1.0,1318.8982,1318.8662000000002,-1.0,0.0,1319.188798574001,,1319.3946
1323.574,0.8,0.0,1.0,1323.1807000000001,1323.1493000000003,1.0,1.5,1323.3367985740008,,1323.5739
1326.8591000000001,0.8,0.25,1.0,1326.3661000000002,1326.333,1.0,1.5,1326.6857985740003,,1326.8590000000002
1329.7006000000001,0.8,0.125,1.0,1329.5395,1329.5078,1.0,1.5,1329.555798574,,1329.7005
1333.0036000000002,0.8,0.25,1.0,1332.3528000000001,1332.3244000000002,1.0,1.5,1332.8617985739997,,1333.0035000000003
1336.7576000000001,0.8,0.0,1.0,1335.6782000000003,1335.6407000000002,1.0,1.5,1336.5187985739992,,1336.7575000000002
1340.3147000000001,0.8,0.0,1.0,1339.7437000000002,1339.7159000000001,1.0,1.5,1340.1007985739989,,1340.3146000000002
1343.4262,0.8,,-1.0,1343.0851,1343.0569,1.0,0.0,1343.1117985739986,0.25,1343.3956
1348.0556,0.8,0.0625,1.0,1347.4117,1347.3824,1.0,1.5,1347.941798573998,,1348.0555
1352.3009,0.8,,1.0,1351.7972,1351.7657,-1.0,1.5,1352.1767985739975,0.0625,1352.3008
1359.5608000000002,0.8,0.0,1.0,1355.2026,1355.1740000000002,1.0,1.5,1355.8367985739972,,1359.5607000000002
1362.4193,0.8,0.0,1.0,1362.3045000000002,1362.2738000000002,1.0,1.5,1362.2797985739965,,1362.4192
1366.3723,0.8,0.25,1.0,1365.9619,1365.9321,1.0,1.5,1366.104798573996,,1366.3722
1370.3506,0.8,0.0625,1.0,1369.5954000000002,1369.5653,1.0,1.5,1370.1247985739956,,1370.3505
1373.4222000000002,0.8,0.125,1.0,1373.0968,1373.0654000000002,1.0,1.5,1373.1177985739953,,1373.4221000000002
1376.7313000000001,0.8,,-1.0,1376.3502,1376.3233,1.0,0.0,1376.352798573995,0.0,1376.6961000000001
1381.7926000000002,0.8,0.125,1.0,1381.1128,1381.0818000000002,1.0,1.5,1381.5387985739942,,1381.7925000000002
1385.5567,0.8,0.25,1.0,1384.5862000000002,1384.5563000000002,1.0,1.5,1385.346798573994,,1385.5566000000001
1389.2106,0.8,0.0,1.0,1388.3037000000002,1388.2732,1.0,1.5,1389.0457985739936,,1389.2105000000001
1392.7462,0.8,,-1.0,1392.1091000000001,1392.0816,1.0,0.0,1392.508798573993,0.0,1392.7137
1399.2198,0.8,0.0,1.0,1396.7717,1396.7398,1.0,1.5,1399.0427985739923,,1399.2197
1402.3424000000002,0.2,,-1.0,1402.0694,1402.0398000000002,1.0,0.0,1402.100798573992,0.125,1402.3080000000002
1406.3784000000003,0.2,,1.0,1406.1188000000002,1406.0894000000003,-1.0,1.5,1406.1767985739916,1.0,1406.3783
1413.5618000000002,0.2,,-1.0,1410.4164,1410.381,1.0,0.0,1413.3657985739908,0.0625,1413.5276000000001
1419.7725,0.2,,-1.0,1417.8953000000001,1417.8643,1.0,0.0,1419.5277985739901,0.0625,1419.7426
1431.576,0.2,,-1.0,1425.6622000000002,1425.6308000000001,1.0,0.0,1431.4127985739888,0.0,1431.5448000000001
1440.0990000000002,0.2,,-1.0,1435.2854000000002,1435.2554000000002,1.0,0.0,1439.955798573988,0.0625,1440.0681000000002
1444.4684000000002,0.2,,1.0,1443.9085000000002,1443.8804,-1.0,1.5,1444.2097985739874,1.0,1444.4683000000002
1449.5699,0.2,0.0,1.0,1448.094,1448.0638,1.0,1.5,1449.4117985739867,,1449.5698
1452.7925,0.2,,-1.0,1452.2595000000001,1452.2302000000002,1.0,0.0,1452.5987985739864,0.0,1452.759
1459.4104,0.2,,-1.0,1456.677,1456.6466,1.0,0.0,1459.1437985739858,0.0,1459.3827999999999
1463.9089000000001,0.2,1.0,-1.0,1463.5919000000001,1463.5635,-1.0,0.0,1463.6457985739853,,1463.8706
1467.9074,0.2,,-1.0,1467.6864,1467.6546,1.0,0.0,1467.6927985739849,0.125,1467.8758
1472.0483,0.2,,1.0,1471.5758,1471.5463,-1.0,1.5,1471.8577985739844,0.125,1472.0482
1475.2801,0.2,1.0,1.0,1474.9533000000001,1474.9214,1.0,1.5,1475.075798573984,,1475.28
1483.6003000000003,0.2,,-1.0,1478.0146000000002,1477.9797,1.0,0.0,1483.462798573983,1.0,1483.5706000000002
1487.7161,0.2,,1.0,1487.3618000000001,1487.3296,-1.0,1.5,1487.5057985739827,0.25,1487.7160000000001
1492.0842000000002,0.2,0.125,1.0,1491.2752,1491.246,1.0,1.5,1491.9427985739821,,1492.0841
1497.1580000000001,0.2,,-1.0,1494.9567,1494.9294,1.0,0.0,1496.9037985739817,0.0625,1497.1274
1501.3196,0.2,,1.0,1500.9744,1500.9458000000002,-1.0,1.5,1501.131798573981,1.0,1501.3195
1506.883,0.2,,1.0,1504.1348,1504.1039,-1.0,1.5,1506.5977985739805,1.0,1506.8829
1512.0415,0.2,,1.0,1511.7087000000001,1511.679,-1.0,1.5,1511.81979857398,1.0,1512.0414
1516.3156000000001,0.2,,1.0,1514.9621000000002,1514.9291,-1.0,1.5,1516.0467985739795,0.25,1516.3155000000002
1522.9205000000002,0.2,,1.0,1519.2117,1519.1789,-1.0,1.5,1522.7947985739788,0.0,1522.9204000000002
1526.4104,0.2,,1.0,1525.6524,1525.6203,-1.0,1.5,1526.2887985739783,0.25,1526.4103
1535.919,0.2,,1.0,1529.1019000000001,1529.0704,-1.0,1.5,1532.2227985739778,0.0625,1535.9189000000001
1539.1011,0.2,,-1.0,1538.8001,1538.7698,1.0,0.0,1538.868798573977,0.0625,1539.0729999999999
1543.2875000000001,0.2,,1.0,1542.9826,1542.9533000000001,-1.0,1.5,1543.0567985739765,0.0625,1543.2874000000002
1549.3738000000003,0.2,,1.0,1546.0479000000003,1546.0198000000003,-1.0,1.5,1549.0557985739758,0.0,1549.3737
1556.8953,0.2,,-1.0,1552.5697,1552.536,1.0,0.0,1556.738798573975,0.25,1556.8633
1562.806,0.2,,1.0,1560.8087,1560.7779,-1.0,1.5,1562.6647985739744,0.0,1562.8059
1566.2344,0.2,,1.0,1565.6063000000001,1565.5780000000002,-1.0,1.5,1566.072798573974,0.0625,1566.2343
1570.5184000000002,0.2,,1.0,1569.0517000000002,1569.0194000000001,-1.0,1.5,1570.3367985739735,0.0,1570.5183000000002
1579.7386,0.2,,1.0,1573.3413,1573.3025,-1.0,1.5,1579.4037985739726,1.0,1579.7385
1582.9149,0.2,,1.0,1582.6234,1582.5942,-1.0,1.5,1582.6987985739722,1.0,1582.9148
1587.405,0.2,0.0,-1.0,1585.7998,1585.7692000000002,-1.0,0.0,1587.0527985739716,,1587.376
1591.6564,0.2,,1.0,1591.1985,1591.169,-1.0,1.5,1591.487798573971,1.0,1591.6563
1595.1919,0.2,0.0625,-1.0,1594.4839,1594.4522,-1.0,0.0,1595.0897985739707,,1595.1577
1599.8361,0.2,,1.0,1599.2904,1599.2605,-1.0,1.5,1599.7287985739704,0.125,1599.836
1607.8775000000003,0.2,,-1.0,1603.5320000000002,1603.5018000000002,1.0,0.0,1607.7217985739694,0.0625,1607.8501
1613.3599000000002,0.2,,1.0,1613.0191000000002,1612.9850000000001,-1.0,1.5,1613.1287985739689,0.25,1613.3598000000002
1620.3780000000002,0.2,,-1.0,1616.4925,1616.4601,1.0,0.0,1620.134798573968,0.0,1620.3469
1628.189,0.2,0.0625,-1.0,1624.2955000000002,1624.2680000000003,-1.0,0.0,1628.021798573967,,1628.1546
1633.9036,0.2,,1.0,1632.2465000000002,1632.2179,-1.0,1.5,1633.7287985739665,0.0,1633.9035000000001
1641.3537000000001,0.2,,1.0,1636.796,1636.7677,-1.0,1.5,1641.1907985739656,0.0,1641.3536000000001
1644.7412000000002,0.2,,1.0,1644.458,1644.4263,-1.0,1.5,1644.5187985739653,1.0,1644.7411000000002
1647.6057,0.2,,1.0,1647.4873,1647.4594000000002,-1.0,1.5,1647.424798573965,0.0625,1647.6056
1651.557,0.2,,1.0,1650.8287,1650.8010000000002,-1.0,1.5,1651.4267985739646,0.0,1651.5569
1655.0598000000002,0.2,1.0,1.0,1654.4462,1654.4095000000002,1.0,1.5,1654.9027985739642,,1655.0597
1658.5700000000002,0.2,,1.0,1658.0556000000001,1658.0259,-1.0,1.5,1658.3717985739638,0.125,1658.5699000000002
1662.728,0.2,,1.0,1661.405,1661.3756,-1.0,1.5,1662.5867985739633,0.125,1662.7279
1675.7143,0.2,,1.0,1665.4785000000002,1665.4504000000002,-1.0,1.5,1675.6487985739618,1.0,1675.7142000000001
1680.1099000000002,0.2,,1.0,1678.7651,1678.7333,-1.0,1.5,1679.9707985739615,0.0625,1680.1098
1689.0886,0.2,,1.0,1682.9707,1682.9421,-1.0,1.5,1689.0287985739603,0.0,1689.0885
1693.722,0.2,,1.0,1691.9848,1691.9495000000002,-1.0,1.5,1693.50179857396,0.125,1693.7219
1696.9728000000002,0.2,,1.0,1696.4983000000002,1696.4663,-1.0,1.5,1696.7637985739595,0.125,1696.9727
1700.2528000000002,0.2,,1.0,1699.7197,1699.6918,-1.0,1.5,1699.7877985739592,0.0,1700.2527000000002
1706.7816,0.2,0.25,-1.0,1703.1961000000001,1703.1665,-1.0,0.0,1706.5817985739584,,1706.7458000000001
1711.8319,0.2,,1.0,1710.647,1710.6082000000001,-1.0,1.5,1711.698798573958,1.0,1711.8318
1715.1264,0.2,,1.0,1714.6165,1714.5828000000001,-1.0,1.5,1714.9837985739575,0.0,1715.1263000000001
1721.6460000000002,0.2,,1.0,1717.9299,1717.8997000000002,-1.0,1.5,1721.5457985739567,0.0625,1721.6459
1725.8723,0.2,,1.0,1724.6037000000001,1724.5747000000001,-1.0,1.5,1725.7917985739564,0.125,1725.8722
1730.8439,0.2,,1.0,1728.6212,1728.5911,-1.0,1.5,1730.7007985739558,0.25,1730.8438
1736.4080000000001,0.2,,1.0,1733.6028000000001,1733.5742,-1.0,1.5,1736.3137985739552,0.0,1736.4079
1743.711,0.2,,1.0,1739.2445,1739.2154,-1.0,1.5,1743.6237985739544,1.0,1743.7109
1748.3358,0.2,,1.0,1746.6144,1746.5824,-1.0,1.5,1748.271798573954,0.0625,1748.3357
1752.0641,0.2,,1.0,1751.504,1751.4738,-1.0,1.5,1751.9217985739535,0.0625,1752.064
1766.3824000000002,0.2,,1.0,1754.9935,1754.9654,-1.0,1.5,1766.249798573952,1.0,1766.3823
1771.7735,0.2,0.0625,-1.0,1769.3922,1769.3647,-1.0,0.0,1771.6077985739514,,1771.7433
1776.4076,0.2,,1.0,1776.103,1776.0733,-1.0,1.5,1776.1937985739507,1.0,1776.4075
1780.4846,0.2,,-1.0,1779.4444,1779.4151000000002,1.0,0.0,1780.3577985739503,0.125,1780.4503
1787.3375,0.2,,1.0,1784.3540000000003,1784.3234000000002,-1.0,1.5,1787.2197985739497,0.25,1787.3374000000001
1790.7048000000002,0.2,,-1.0,1790.2038000000002,1790.1732000000002,1.0,0.0,1790.3947985739492,0.125,1790.6632000000002
1794.6562,0.2,,1.0,1794.5943,1794.5643,-1.0,1.5,1794.5047985739488,0.125,1794.6561
1800.9411,0.8,,-1.0,1797.5437,1797.5142,1.0,0.0,1800.6987985739481,0.25,1800.9074
1805.2038,0.8,0.25,1.0,1804.6865,1804.6563,1.0,1.5,1804.9237985739476,,1805.2037
1810.0293,0.8,0.0,1.0,1809.0001,1808.9727,1.0,1.5,1809.712798573947,,1810.0292
1813.5672,0.8,0.25,1.0,1812.9375,1812.906,1.0,1.5,1813.3187985739467,,1813.5671
1817.9935,0.8,0.0,1.0,1816.395,1816.3642,1.0,1.5,1817.8227985739463,,1817.9934
1821.3863000000001,0.8,0.0,1.0,1821.0005,1820.9727,1.0,1.5,1821.107798573946,,1821.3862000000001
1824.863,0.8,,-1.0,1824.1979000000001,1824.1641000000002,1.0,0.0,1824.6337985739456,0.125,1824.8207000000002
1828.8569,0.8,0.25,1.0,1828.7685,1828.7391,1.0,1.5,1828.687798573945,,1828.8568
1832.2202,0.8,0.125,1.0,1831.6738,1831.647,1.0,1.5,1832.0537985739447,,1832.2201
1835.7203,0.8,,-1.0,1835.2273,1835.1968,1.0,0.0,1835.4167985739443,0.0,1835.6888000000001
1839.8464000000001,0.8,0.125,1.0,1839.5698000000002,1839.5387,1.0,1.5,1839.5737985739438,,1839.8463000000002
1843.219,0.8,1.0,1.0,1842.6912000000002,1842.6637,1.0,1.5,1842.9827985739435,,1843.2189
1848.8884,0.8,0.0,1.0,1846.0966,1846.0633,1.0,1.5,1846.761798573943,,1848.8883
1852.4284,0.8,0.25,1.0,1852.1633000000002,1852.1298000000002,1.0,1.5,1852.2127985739426,,1852.4283
1855.6838,0.8,0.125,1.0,1855.3687,1855.3386,1.0,1.5,1855.437798573942,,1855.6837
1859.1901,0.8,0.125,1.0,1858.5781000000002,1858.5463000000002,1.0,1.5,1859.0347985739418,,1859.19
1862.6446,0.8,,-1.0,1861.9795,1861.9463,1.0,0.0,1862.0437985739413,1.0,1862.6054
1866.8111000000001,0.8,,-1.0,1866.4781,1866.4467,1.0,0.0,1866.5377985739408,1.0,1866.7817
1871.2601000000002,0.8,0.125,1.0,1870.7926000000002,1870.7628000000002,1.0,1.5,1871.0427985739404,,1871.2600000000002
1875.3912,0.8,,-1.0,1874.058,1874.0298,1.0,0.0,1875.06179857394,0.125,1875.3565
1879.6103,0.8,0.25,1.0,1879.2086000000002,1879.1795000000002,1.0,1.5,1879.3837985739394,,1879.6102
1884.6743000000001,0.8,1.0,1.0,1883.9382,1883.9044000000001,1.0,1.5,1884.1967985739388,,1884.6742000000002
1888.4564,0.8,0.25,1.0,1887.4996,1887.4627,1.0,1.5,1888.0377985739385,,1888.4563
1892.0917000000002,0.8,0.25,1.0,1891.4571,1891.4291,1.0,1.5,1891.922798573938,,1892.0916
1895.9751,0.8,0.0,1.0,1895.3546000000001,1895.3211000000001,1.0,1.5,1895.7117985739376,,1895.9750000000001
1899.1096000000002,0.8,0.0625,1.0,1898.9640000000002,1898.929,1.0,1.5,1898.9697985739374,,1899.1095000000003
1903.9136,0.8,,-1.0,1902.9285,1902.8955,1.0,0.0,1902.940798573937,1.0,1903.883
1908.5898000000002,0.8,0.25,1.0,1907.7391,1907.7041000000002,1.0,1.5,1908.2117985739362,,1908.5897000000002
1911.9586000000002,0.8,0.25,1.0,1911.5236,1911.4957000000002,1.0,1.5,1911.769798573936,,1911.9585
1915.2180000000003,0.2,,-1.0,1914.7570000000003,1914.7289000000003,1.0,0.0,1914.9687985739356,1.0,1915.1904000000002
1922.5649,0.2,,-1.0,1920.4077000000002,1920.3786000000002,1.0,0.0,1922.4017985739347,0.0,1922.5293000000001
1926.6196,0.2,1.0,1.0,1926.3584,1926.328,1.0,1.5,1926.3597985739343,,1926.6195
1930.5741,0.2,,1.0,1929.5078,1929.4785000000002,-1.0,1.5,1930.4657985739339,1.0,1930.574
1935.0264000000002,0.2,,-1.0,1933.7093000000002,1933.6784000000002,1.0,0.0,1934.5647985739333,0.0625,1934.9961000000003
1939.5415,0.2,,1.0,1939.0999,1939.07,-1.0,1.5,1939.351798573933,1.0,1939.5414
1943.2264,0.2,,-1.0,1942.3893,1942.3616,1.0,0.0,1943.0797985739325,0.0,1943.1965
1947.4017000000001,0.2,,1.0,1947.0679,1947.0366000000001,-1.0,1.5,1947.277798573932,1.0,1947.4016000000001
1951.8516000000002,0.2,,1.0,1950.2173,1950.1864,-1.0,1.5,1951.4987985739315,0.0625,1951.8515000000002
1955.3732000000002,0.2,0.0,1.0,1954.6578000000002,1954.6278000000002,1.0,1.5,1955.2127985739312,,1955.3731000000002
1959.1324000000002,0.2,,-1.0,1958.2273000000002,1958.1941000000002,1.0,0.0,1958.9237985739308,0.125,1959.0941000000003
1964.0971000000002,0.2,0.25,1.0,1962.9218,1962.8944000000001,1.0,1.5,1963.6847985739303,,1964.097
1970.2527,0.2,,-1.0,1968.4155,1968.386,1.0,0.0,1969.7897985739296,0.125,1970.2207
1975.7394000000002,0.2,,-1.0,1974.1822000000002,1974.1527,1.0,0.0,1975.462798573929,0.0,1975.7087000000001
1980.0713,0.2,,1.0,1979.6089,1979.5693,-1.0,1.5,1979.8867985739284,0.0,1980.0712
1983.4354,0.2,,-1.0,1982.9383,1982.9103,1.0,0.0,1983.220798573928,0.0625,1983.4002
1990.2742,0.2,0.0,-1.0,1987.6689000000001,1987.6357,-1.0,0.0,1990.1477985739273,,1990.2438
1994.6483,0.2,,1.0,1994.2997,1994.2688,-1.0,1.5,1994.4087985739268,0.125,1994.6482
1998.0432,0.2,,1.0,1997.7331,1997.7022,-1.0,1.5,1997.8957985739264,1.0,1998.0431
2002.5317000000002,0.2,,-1.0,2000.9825,2000.9521000000002,1.0,0.0,2002.358798573926,0.0,2002.4999000000003
2006.8061000000002,0.2,,1.0,2006.4692000000002,2006.4351000000001,-1.0,1.5,2006.5697985739255,1.0,2006.8060000000003
2011.3085,0.2,,1.0,2009.8426000000002,2009.8101000000001,-1.0,1.5,2011.243798573925,1.0,2011.3084000000001
2019.0982,0.2,,1.0,2014.3031,2014.2685,-1.0,1.5,2018.9327985739242,0.25,2019.0981
2022.0706000000002,0.2,,1.0,2022.0011000000002,2021.9683000000002,-1.0,1.5,2021.9677985739238,0.25,2022.0705000000003
2027.7466,0.2,,1.0,2026.8307,2026.8016,-1.0,1.5,2027.3167985739233,0.25,2027.7465
2031.6398000000002,0.2,,1.0,2030.7881,2030.7598,-1.0,1.5,2031.5557985739226,0.25,2031.6397000000002
2035.0935,0.2,,1.0,2034.6536,2034.6262,-1.0,1.5,2034.9147985739223,0.0,2035.0934
2038.3314000000003,0.2,,1.0,2037.9340000000002,2037.9014000000002,-1.0,1.5,2038.181798573922,1.0,2038.3313000000003
2044.1749999999997,0.2,,1.0,2041.6834999999996,2041.6511999999998,-1.0,1.5,2044.1027985739213,0.0,2044.1749
2047.3062000000004,0.2,0.125,-1.0,2047.1211000000003,2047.0921000000003,-1.0,0.0,2047.143798573921,,2047.2733000000003
2052.5639,0.8,,1.0,2051.1716,2051.1428,-1.0,1.5,2052.4227985739208,0.125,2052.5638
2056.3973,0.8,0.0625,-1.0,2055.5852,2055.551,-1.0,0.0,2056.28079857392,,2056.367
2061.0688,0.8,0.125,1.0,2060.3307,2060.301,1.0,1.5,2060.8707985739197,,2061.0687
2066.7787000000003,0.8,0.0625,1.0,2063.9602,2063.9253,1.0,1.5,2066.565798573919,,2066.7786
2070.3943,0.8,1.0,1.0,2069.7899,2069.7588,1.0,1.5,2070.1797985739186,,2070.3942
2074.0174,0.8,0.0625,1.0,2073.4913,2073.4588000000003,1.0,1.5,2073.8457985739183,,2074.0173000000004
2077.6403,0.8,0.125,1.0,2076.9288,2076.9006,1.0,1.5,2077.364798573918,,2077.6402000000003
2080.5732000000003,0.8,1.0,1.0,2080.4702,2080.442,1.0,1.5,2080.3487985739175,,2080.5731
2088.809,0.8,0.0625,1.0,2084.1556,2084.1248,1.0,1.5,2088.5067985739165,,2088.8089000000004
2094.1664,0.8,0.0625,1.0,2092.5377,2092.5083,1.0,1.5,2094.003798573916,,2094.1663
2097.6342,0.8,0.0625,1.0,2097.0632,2097.0335,1.0,1.5,2097.505798573916,,2097.6340999999998
2100.8801000000003,0.8,0.0625,1.0,2100.5126,2100.4833000000003,1.0,1.5,2100.5837985739154,,2100.88
2104.0208000000002,0.8,1.0,1.0,2103.73,2103.7001,1.0,1.5,2103.736798573915,,2104.0207
2108.453,0.8,0.0625,1.0,2107.7715,2107.7331,1.0,1.5,2108.2567985739147,,2108.4528999999998
2112.6141000000002,0.8,,-1.0,2112.3811,2112.3498,1.0,0.0,2112.417798573914,0.25,2112.585
2118.1902,0.8,0.125,1.0,2116.4116,2116.3744,1.0,1.5,2118.0907985739136,,2118.1901000000003
2122.4132000000004,0.8,0.0,1.0,2121.0201,2120.9909000000002,1.0,1.5,2122.265798573913,,2122.4131
2125.4995,0.8,0.25,1.0,2125.2176999999997,2125.1909,1.0,1.5,2125.2537985739127,,2125.4993999999997
2132.4125,0.8,,-1.0,2129.7432,2129.7077,1.0,0.0,2132.041798573912,0.25,2132.378
2139.8201000000004,0.8,0.0,1.0,2136.2940000000003,2136.266,1.0,1.5,2139.682798573911,,2139.82
2144.4741,0.8,1.0,1.0,2144.2039999999997,2144.1742,1.0,1.5,2144.2387985739106,,2144.474
2148.2185,0.8,,-1.0,2147.2974,2147.2657,1.0,0.0,2147.97079857391,0.0,2148.1866
2154.4772,0.8,0.0625,-1.0,2152.852,2152.8154,-1.0,0.0,2154.3357985739094,,2154.4453
2159.0164999999997,0.8,0.0625,1.0,2158.4707,2158.4399,1.0,1.5,2158.858798573909,,2159.0164
2162.1796000000004,0.8,0.125,1.0,2161.8961000000004,2161.8653000000004,1.0,1.5,2161.9687985739088,,2162.1795
2166.4287,0.8,0.0625,1.0,2165.8016,2165.7731,1.0,1.5,2166.248798573908,,2166.4285999999997
2173.4902,0.8,0.0,1.0,2169.323,2169.2903,1.0,1.5,2169.3227985739077,,2173.4901
2178.8558000000003,0.8,0.125,1.0,2178.4652,2178.4318000000003,1.0,1.5,2178.6347985739067,,2178.8557
2182.3014000000003,0.8,1.0,1.0,2181.9786000000004,2181.9482000000003,1.0,1.5,2182.0627985739065,,2182.3013
2186.7794,0.8,0.25,1.0,2186.4001,2186.3725,1.0,1.5,2186.555798573906,,2186.7793
2193.0434,0.8,,1.0,2189.6535000000003,2189.6232,-1.0,1.5,2192.926798573905,1.0,2193.0433000000003
2197.1084,0.8,0.0625,1.0,2196.1873,2196.1561,1.0,1.5,2196.9867985739047,,2197.1083000000003
2200.3586999999998,0.8,0.125,1.0,2199.9368,2199.9057,1.0,1.5,2200.0517985739043,,2200.3586
2204.5571,0.8,0.25,1.0,2203.9063,2203.8645,1.0,1.5,2203.957798573904,,2204.5570000000002
2208.0487,0.8,1.0,1.0,2207.8798,2207.8479,1.0,1.5,2207.7817985739034,,2208.0486
2212.4942,0.8,0.125,1.0,2211.7292,2211.6978000000004,1.0,1.5,2212.285798573903,,2212.4941000000003
2218.0364,0.8,,1.0,2217.3309,2217.2974,-1.0,1.5,2217.9107985739024,1.0,2218.0363
2222.5182000000004,0.8,0.0625,1.0,2221.9685000000004,2221.9386000000004,1.0,1.5,2222.220798573902,,2222.5181000000002
2226.335,0.8,,-1.0,2225.5859,2225.5474999999997,1.0,0.0,2226.1637985739017,0.0625,2226.3017999999997
2230.8415,0.8,1.0,1.0,2230.3285,2230.2972999999997,1.0,1.5,2230.644798573901,,2230.8414
2235.1511,0.8,,-1.0,2233.6939,2233.6639,1.0,0.0,2234.9677985739004,0.0,2235.1148000000003
2242.5588000000002,0.8,0.25,1.0,2241.4248000000002,2241.3971,1.0,1.5,2242.3437985738997,,2242.5587
2246.9287,0.8,1.0,1.0,2246.3545,2246.3218,1.0,1.5,2246.4937985738993,,2246.9286
2250.4605,0.8,0.0625,1.0,2250.0279,2249.9969,1.0,1.5,2250.199798573899,,2250.4604000000004
2254.8255,0.8,,-1.0,2253.4283,2253.3968,1.0,0.0,2254.6527985738985,0.0625,2254.7971
2259.2786,0.8,0.0625,1.0,2258.9429999999998,2258.9132999999997,1.0,1.5,2259.0527985738977,,2259.2785
2262.7558000000004,0.8,1.0,1.0,2262.2364000000002,2262.2044,1.0,1.5,2262.5877985738975,,2262.7557
2266.7553000000003,0.8,0.0,1.0,2265.6458000000002,2265.6133000000004,1.0,1.5,2266.638798573897,,2266.7552
2270.1698,0.8,0.125,1.0,2269.6953000000003,2269.6631,1.0,1.5,2270.0167985738967,,2270.1697000000004
2274.1751000000004,0.8,1.0,1.0,2273.7848000000004,2273.7548,1.0,1.5,2273.8827985738963,,2274.175
2277.4750000000004,0.8,1.0,1.0,2277.0662,2277.0378,1.0,1.5,2277.284798573896,,2277.4749
2283.8230000000003,0.8,0.25,1.0,2281.4677,2281.4377,1.0,1.5,2283.5857985738953,,2283.8229
2287.1824,0.8,,-1.0,2286.9934000000003,2286.9627,1.0,0.0,2287.005798573895,0.25,2287.1426
2291.7702,0.8,0.125,1.0,2291.2599,2291.2294,1.0,1.5,2291.564798573894,,2291.7701
2296.3998,0.8,0.0625,1.0,2295.9535,2295.9206,1.0,1.5,2295.960798573894,,2296.3997
2303.4124,0.8,,-1.0,2299.5109,2299.4790000000003,1.0,0.0,2303.105798573893,1.0,2303.3802
2308.2855999999997,0.8,,1.0,2307.3619,2307.3289999999997,-1.0,1.5,2308.1777985738927,0.0,2308.2855
2312.1885,0.8,0.0625,-1.0,2311.3914,2311.3622,-1.0,0.0,2312.062798573892,,2312.1572
2316.7157,0.8,,1.0,2316.0330000000004,2316.0036,-1.0,1.5,2316.2837985738915,0.25,2316.7156
2319.9994,0.8,0.0,-1.0,2319.5864,2319.5535,-1.0,0.0,2319.8277985738914,,2319.9698
2326.3972,0.8,0.0,-1.0,2324.9719999999998,2324.9454,-1.0,0.0,2326.1567985738907,,2326.3660999999997
2331.6237,0.8,1.0,1.0,2331.2948,2331.262,1.0,1.5,2331.39579857389,,2331.6236
2334.9746,0.8,1.0,1.0,2334.7401999999997,2334.7118,1.0,1.5,2334.7917985738895,,2334.9745
2341.130999,0.8,0.0,-1.0,2338.329699,2338.3028990000003,-1.0,0.0,2339.900798573889,,2341.101099
2347.197999,0.8,0.25,1.0,2346.0355990000003,2346.0029990000003,1.0,1.5,2346.985798573888,,2347.1978990000002
2356.407699,0.8,0.125,1.0,2351.949299,2351.919499,1.0,1.5,2356.2627985738873,,2356.407599
2361.858299,0.8,0.0625,1.0,2361.1994990000003,2361.168999,1.0,1.5,2361.7627985738864,,2361.8581990000002
2365.4049990000003,0.8,,-1.0,2364.799899,2364.7693990000002,1.0,0.0,2365.2317985738864,1.0,2365.372999
2373.600199,0.8,0.0625,1.0,2370.330599,2370.2943990000003,1.0,1.5,2373.3297985738855,,2373.6000990000002
2377.201399,0.8,,-1.0,2377.024399,2376.9941989999998,1.0,0.0,2376.941798573885,0.0625,2377.165299
2381.367399,0.8,1.0,1.0,2381.125899,2381.094199,1.0,1.5,2381.1707985738844,,2381.367299
2386.940599,0.8,,-1.0,2385.655499,2385.627399,1.0,0.0,2386.5087985738837,0.25,2386.906899
2393.908099,0.8,,1.0,2391.390199,2391.360599,-1.0,1.5,2393.804798573883,0.0625,2393.907999
2397.0795989999997,0.8,1.0,1.0,2396.887799,2396.860599,1.0,1.5,2396.7917985738827,,2397.079499
2404.0026989999997,0.8,,-1.0,2401.6573989999997,2401.627099,1.0,0.0,2403.724798573882,0.0,2403.971299
2412.5589990000003,0.8,,1.0,2408.5562990000003,2408.5268990000004,-1.0,1.5,2412.276798573881,0.0,2412.558899
2416.121799,0.8,1.0,1.0,2415.618099,2415.584499,1.0,1.5,2415.7137985738805,,2416.121699
2419.972599,0.8,0.0,-1.0,2419.0594990000004,2419.0268990000004,-1.0,0.0,2419.82979857388,,2419.943299
2424.682999,0.8,0.125,1.0,2424.246199,2424.218299,1.0,1.5,2424.46979857388,,2424.682899
2428.036599,0.8,,-1.0,2427.579599,2427.551299,1.0,0.0,2427.8177985738794,0.0,2428.0067990000002
2432.3301990000004,0.8,0.25,-1.0,2431.9450990000005,2431.917299,-1.0,0.0,2432.125798573879,,2432.3009990000005
2437.636799,0.2,,-1.0,2436.5116989999997,2436.484199,1.0,0.0,2437.445798573878,0.0625,2437.606199
2441.819299,0.2,,-1.0,2441.642299,2441.609699,1.0,0.0,2441.607798573878,0.25,2441.785399
2447.472999,0.2,0.25,-1.0,2445.947799,2445.917799,-1.0,0.0,2447.344798573877,,2447.438499
2452.519599,0.2,0.0625,-1.0,2451.506499,2451.475599,-1.0,0.0,2452.3157985738767,,2452.486099
2460.410799,0.2,,1.0,2456.445099,2456.417299,-1.0,1.5,2460.2367985738756,0.125,2460.410699
2466.504299,0.2,,-1.0,2464.823099,2464.792299,1.0,0.0,2466.217798573875,0.0,2466.4731990000005
2471.994499,0.2,,1.0,2470.461799,2470.433899,-1.0,1.5,2471.7987985738746,0.25,2471.994399
2475.751199,0.2,,1.0,2475.267399,2475.233699,-1.0,1.5,2475.600798573874,0.125,2475.751099
2479.819799,0.2,,1.0,2479.428899,2479.400299,-1.0,1.5,2479.5687985738737,0.0,2479.819699
2483.0897990000003,0.2,,1.0,2482.950299,2482.916799,-1.0,1.5,2482.8547985738733,0.125,2483.089699
2487.0677990000004,0.2,,-1.0,2486.026699,2486.0002990000003,1.0,0.0,2486.8497985738727,0.0625,2487.0369990000004
2493.716499,0.2,0.25,1.0,2491.697399,2491.666399,1.0,1.5,2493.419798573872,,2493.7163990000004
2497.964199,0.2,,-1.0,2496.710999,2496.682799,1.0,0.0,2497.8077985738714,0.0,2497.929599
2503.236299,0.2,,1.0,2503.0097990000004,2502.9749990000005,-1.0,1.5,2503.060798573871,0.25,2503.2361990000004
2507.741999,0.2,,1.0,2507.367299,2507.324799,-1.0,1.5,2507.4117985738703,0.0625,2507.741899
2511.095899,0.2,,1.0,2510.740699,2510.7081989999997,-1.0,1.5,2510.8047985738704,0.25,2511.0957989999997
2516.303599,0.2,,1.0,2514.0620989999998,2514.032699,-1.0,1.5,2516.1737985738696,0.0625,2516.303499
2519.944799,0.2,1.0,-1.0,2519.603799,2519.5744990000003,-1.0,0.0,2519.661798573869,,2519.9125990000002
2524.3607990000005,0.2,,1.0,2524.050399,2524.015299,-1.0,1.5,2524.1447985738687,1.0,2524.3606990000003
2529.4955990000003,0.2,,1.0,2527.4477990000005,2527.4155990000004,-1.0,1.5,2529.409798573868,1.0,2529.495499
2532.837799,0.2,,1.0,2532.605399,2532.574299,-1.0,1.5,2532.656798573868,0.0625,2532.837699
2536.8478990000003,0.2,0.25,-1.0,2535.762799,2535.7320990000003,-1.0,0.0,2536.7517985738673,,2536.815599
2541.852099,0.2,,1.0,2540.761399,2540.724099,-1.0,1.5,2541.762798573867,0.25,2541.851999
2547.193099,0.2,,1.0,2544.766899,2544.732499,-1.0,1.5,2547.006798573866,0.25,2547.1929990000003
2551.089499,0.2,,1.0,2550.2525990000004,2550.215599,-1.0,1.5,2550.983798573866,0.0625,2551.089399
2557.335399,0.2,,1.0,2556.170299,2556.140499,-1.0,1.5,2557.171798573865,0.0,2557.335299
2561.5570989999997,0.2,,1.0,2560.379799,2560.3482989999998,-1.0,1.5,2561.4377985738647,0.0,2561.556999
2566.264999,0.2,,1.0,2564.4932989999998,2564.464899,-1.0,1.5,2566.191798573864,0.0,2566.264899
2575.384599,0.2,0.0625,-1.0,2570.182999,2570.148499,-1.0,0.0,2575.165798573863,,2575.354599
2581.659399,0.2,0.25,-1.0,2579.306099,2579.273299,-1.0,0.0,2581.5027985738625,,2581.627799
2589.590399,0.2,,-1.0,2585.6088990000003,2585.5810990000004,1.0,0.0,2589.3337985738617,0.0,2589.5558990000004
2594.020699,0.2,,1.0,2593.583799,2593.5562990000003,-1.0,1.5,2593.813798573861,1.0,2594.0205990000004
2598.500899,0.2,,1.0,2597.509299,2597.480399,-1.0,1.5,2598.3147985738606,0.0625,2598.500799
2602.426999,0.2,,1.0,2601.518799,2601.481099,-1.0,1.5,2602.33679857386,0.0625,2602.426899
2607.3813990000003,0.2,,1.0,2605.428299,2605.397499,-1.0,1.5,2607.2907985738593,0.0625,2607.381299
2611.4460990000002,0.2,,1.0,2610.3698990000003,2610.3393990000004,-1.0,1.5,2611.383798573859,1.0,2611.4459990000005
2616.6625990000002,0.2,,1.0,2614.391399,2614.364199,-1.0,1.5,2616.5737985738583,0.0625,2616.662499
2620.186099,0.2,1.0,-1.0,2619.584999,2619.555699,-1.0,0.0,2620.021798573858,,2620.155399
2624.7756990000003,0.2,1.0,-1.0,2624.6515990000003,2624.6223990000003,-1.0,0.0,2624.4827985738575,,2624.7448990000003
2630.096499,0.2,,1.0,2629.585199,2629.5555990000003,-1.0,1.5,2629.922798573857,0.125,2630.0963990000005
2634.2117989999997,0.2,0.25,-1.0,2633.162699,2633.130499,-1.0,0.0,2634.0267985738565,,2634.180699
2639.4343989999998,0.2,,-1.0,2638.253299,2638.222099,1.0,0.0,2639.149798573856,0.125,2639.399399
2651.376899,0.2,0.125,-1.0,2643.426899,2643.396999,-1.0,0.0,2651.1717985738546,,2651.349699
2660.7279989999997,0.2,,1.0,2655.346399,2655.313299,-1.0,1.5,2660.5947985738535,0.0625,2660.727899
2667.949099,0.2,,1.0,2664.580499,2664.546399,-1.0,1.5,2667.537798573853,0.25,2667.948999
2671.596199,0.2,,1.0,2671.110299,2671.079699,-1.0,1.5,2671.3867985738525,0.0,2671.596099
2675.591599,0.2,,1.0,2675.235799,2675.204699,-1.0,1.5,2675.339798573852,0.25,2675.591499
2679.776799,0.2,,1.0,2679.1212990000004,2679.0879990000003,-1.0,1.5,2679.5717985738515,0.0,2679.7766990000005
2685.3774989999997,0.2,,1.0,2682.7306989999997,2682.695999,-1.0,1.5,2685.3067985738508,0.125,2685.377399
2689.1724990000002,0.2,,1.0,2688.4123990000003,2688.3786990000003,-1.0,1.5,2689.1007985738506,0.0,2689.172399
2692.388499,0.2,,1.0,2692.265899,2692.237599,-1.0,1.5,2692.2847985738504,1.0,2692.388399
2697.760599,0.2,0.25,-1.0,2695.843299,2695.8121990000004,-1.0,0.0,2697.56779857385,,2697.727099
2701.959099,0.2,0.0,-1.0,2701.8300990000002,2701.794999,-1.0,0.0,2701.776798573849,,2701.897499
2708.576899,0.2,0.25,-1.0,2705.9915990000004,2705.962199,-1.0,0.0,2708.2417985738484,,2708.5423990000004
2713.154899,0.2,,1.0,2712.574399,2712.544799,-1.0,1.5,2713.0327985738477,0.0,2713.154799
2722.9775990000003,0.8,,-1.0,2717.823999,2717.795199,1.0,0.0,2722.7177985738467,0.0625,2722.950499
2727.7779990000004,0.8,0.0625,1.0,2727.1430990000003,2727.1117990000002,1.0,1.5,2727.6327985738462,,2727.777899
2731.221599,0.8,0.0,-1.0,2730.8925990000002,2730.8617990000002,-1.0,0.0,2730.963798573846,,2731.190299
2739.331599,0.8,,-1.0,2735.155099,2735.120099,1.0,0.0,2739.048798573845,0.0625,2739.2997990000003
2743.8206990000003,0.8,,1.0,2743.341099,2743.311399,-1.0,1.5,2743.5967985738444,1.0,2743.820599
2748.038799,0.8,,1.0,2746.754499,2746.719899,-1.0,1.5,2747.931798573844,0.25,2748.038699
2751.673099,0.8,0.25,-1.0,2751.256099,2751.227499,-1.0,0.0,2751.3437985738437,,2751.6414990000003
2755.975699,0.8,0.25,-1.0,2755.782599,2755.7529990000003,-1.0,0.0,2755.722798573843,,2755.942399
2762.244499,0.8,,1.0,2760.0321989999998,2760.002899,-1.0,1.5,2762.1257985738425,1.0,2762.2443989999997
2770.624299,0.8,,1.0,2765.905899,2765.877699,-1.0,1.5,2770.1787985738415,0.0,2770.624199
2775.881099,0.8,0.0,-1.0,2773.899899,2773.869099,-1.0,0.0,2775.583798573841,,2775.847499
2780.5481990000003,0.8,,1.0,2779.990599,2779.9604990000003,-1.0,1.5,2780.3727985738406,0.0,2780.548099
2784.530099,0.8,0.0,-1.0,2783.4889989999997,2783.460499,-1.0,0.0,2784.27879857384,,2784.489099
2789.871799,0.8,0.25,-1.0,2789.354699,2789.326899,-1.0,0.0,2789.6157985738396,,2789.842399
2796.672199,0.8,,1.0,2793.965299,2793.935499,-1.0,1.5,2796.5397985738387,0.125,2796.6720990000003
2800.4635989999997,0.8,0.125,1.0,2799.7389989999997,2799.709699,1.0,1.5,2800.3177985738384,,2800.463499
2805.9024990000003,0.8,0.125,1.0,2805.2246990000003,2805.193599,1.0,1.5,2805.437798573838,,2805.9023990000005
2810.605199,0.8,0.0,1.0,2809.122099,2809.093199,1.0,1.5,2810.284798573837,,2810.605099
2814.735999,0.8,0.0625,1.0,2813.639699,2813.610099,1.0,1.5,2814.6057985738366,,2814.735899
2818.102999,0.8,0.0,1.0,2817.933199,2817.9016990000005,1.0,1.5,2817.8537985738362,,2818.1028990000004
2821.872999,0.8,,1.0,2821.082599,2821.051499,-1.0,1.5,2821.7577985738358,1.0,2821.872899
2828.779599,0.8,0.0,1.0,2825.716199,2825.6845989999997,1.0,1.5,2828.613798573835,,2828.7794989999998
2832.594799,0.8,1.0,1.0,2831.797899,2831.768099,1.0,1.5,2832.362798573835,,2832.594699
2836.4009990000004,0.8,0.25,1.0,2835.8233990000003,2835.792499,1.0,1.5,2836.2197985738344,,2836.400899
2839.9625990000004,0.8,0.25,1.0,2839.3647990000004,2839.334499,1.0,1.5,2839.569798573834,,2839.962499
2843.698599,0.8,0.0625,1.0,2843.062299,2843.034399,1.0,1.5,2843.3707985738333,,2843.698499
2846.912099,0.8,0.0625,1.0,2846.7756990000003,2846.7424990000004,1.0,1.5,2846.7297985738332,,2846.9119990000004
2851.138199,0.8,0.0,1.0,2850.705199,2850.675699,1.0,1.5,2850.908798573833,,2851.1380990000002
2854.412999,0.8,0.0,1.0,2854.186699,2854.158499,1.0,1.5,2854.2237985738325,,2854.412899
2857.574799,0.8,1.0,1.0,2857.488099,2857.450699,1.0,1.5,2857.335798573832,,2857.5746990000002
2860.7611990000005,0.8,0.25,1.0,2860.6493990000004,2860.6088990000003,1.0,1.5,2860.579798573832,,2860.7610990000003
2864.031899,0.2,,-1.0,2863.8467990000004,2863.817499,1.0,0.0,2863.8587985738313,0.0625,2864.000599
2872.1947990000003,0.2,,-1.0,2869.461499,2869.433899,1.0,0.0,2872.0437985738304,0.125,2872.166799
2879.2972990000003,0.2,0.0625,1.0,2876.396399,2876.3669990000003,1.0,1.5,2879.0757985738296,,2879.297199
2884.300499,0.2,,1.0,2883.602199,2883.575199,-1.0,1.5,2884.159798573829,0.0,2884.300399
2892.1252990000003,0.2,,-1.0,2887.819799,2887.791699,1.0,0.0,2888.5377985738287,0.0625,2892.095099
2901.5407990000003,0.2,0.0,1.0,2896.2017990000004,2896.174899,1.0,1.5,2897.9617985738273,,2901.540699
2905.363399,0.2,,1.0,2904.611799,2904.583199,-1.0,1.5,2905.115798573827,1.0,2905.363299
2911.942699,0.2,,-1.0,2908.8132990000004,2908.782999,1.0,0.0,2911.626798573826,0.125,2911.915699
2916.7212990000003,0.2,,-1.0,2916.0281990000003,2915.999699,1.0,0.0,2916.5057985738254,0.0625,2916.681699
2924.8055990000003,0.2,,1.0,2921.582899,2921.549599,-1.0,1.5,2924.6007985738247,0.125,2924.805499
2929.150799,0.2,,1.0,2928.468699,2928.440599,-1.0,1.5,2928.981798573824,0.0625,2929.1506990000003
2934.387499,0.2,,1.0,2932.414199,2932.382499,-1.0,1.5,2934.3187985738236,0.0,2934.387399
2937.873999,0.2,,1.0,2937.4037989999997,2937.374099,-1.0,1.5,2937.684798573823,0.0,2937.8738989999997
2942.922299,0.2,,1.0,2940.952199,2940.923799,-1.0,1.5,2942.8517985738226,0.0625,2942.922199
2951.2179990000004,0.2,,1.0,2945.9287990000003,2945.898799,-1.0,1.5,2951.0537985738215,0.25,2951.217899
2954.7102990000003,0.2,,1.0,2954.446899,2954.4153990000004,-1.0,1.5,2954.511798573821,0.125,2954.710199
2960.6655990000004,0.2,0.0,-1.0,2957.7842990000004,2957.7565990000003,-1.0,0.0,2960.3387985738204,,2960.6293990000004
2968.061899,0.2,,1.0,2964.702099,2964.673699,-1.0,1.5,2967.9647985738197,0.0625,2968.061799
2971.720999,0.2,,1.0,2971.4879990000004,2971.456399,-1.0,1.5,2971.4077985738195,1.0,2971.7208990000004
2976.3345990000003,0.2,0.0,-1.0,2974.753399,2974.7233990000004,-1.0,0.0,2975.987798573819,,2976.2984990000004
2981.118199,0.2,,1.0,2980.303999,2980.272699,-1.0,1.5,2980.943798573818,0.125,2981.1180990000003
2987.170899,0.2,,-1.0,2984.169499,2984.139799,1.0,0.0,2986.8007985738177,0.25,2987.1398990000002
2991.7938990000002,0.2,,1.0,2991.275399,2991.2480990000004,-1.0,1.5,2991.4867985738174,0.0,2991.7937990000005
2995.191599,0.2,,1.0,2994.960799,2994.9314990000003,-1.0,1.5,2995.001798573817,0.125,2995.191499
3003.5499990000003,0.2,,1.0,2998.214199,2998.1810990000004,-1.0,1.5,3003.485798573816,1.0,3003.549899
3008.3774989999997,0.8,0.0625,-1.0,3007.520399,3007.489299,-1.0,0.0,3008.203798573815,,3008.3437989999998
3015.1362990000002,0.8,0.125,-1.0,3012.6509990000004,3012.622299,-1.0,0.0,3014.8777985738147,,3015.107499
3021.186999,0.8,0.125,-1.0,3019.365799,3019.3309990000002,-1.0,0.0,3021.067798573814,,3021.156099
3025.715599,0.8,,1.0,3025.192499,3025.163899,-1.0,1.5,3025.5837985738135,0.25,3025.715499
3029.571099,0.8,1.0,-1.0,3029.201999,3029.172199,-1.0,0.0,3029.261798573813,,3029.532599
3036.483799,0.8,1.0,1.0,3033.628599,3033.597199,1.0,1.5,3036.1787985738124,,3036.483699
3042.317199,0.8,0.0,1.0,3039.8022990000004,3039.771599,1.0,1.5,3042.202798573812,,3042.3170990000003
3048.152299,0.8,,-1.0,3047.499199,3047.471599,1.0,0.0,3047.897798573811,0.0625,3048.121099
3056.4183989999997,0.8,0.25,1.0,3053.2578989999997,3053.230099,1.0,1.5,3056.04379857381,,3056.418299
3061.9584990000003,0.8,0.0,1.0,3060.991899,3060.9548990000003,1.0,1.5,3061.6097985738097,,3061.958399
3066.0544990000003,0.8,,-1.0,3065.257399,3065.229799,1.0,0.0,3065.743798573809,0.25,3066.010099
3072.1655990000004,0.8,,1.0,3071.471199,3071.4375990000003,-1.0,1.5,3071.8917985738085,0.125,3072.165499
3075.922199,0.8,0.25,1.0,3075.376599,3075.3463990000005,1.0,1.5,3075.791798573808,,3075.9220990000003
3081.4024990000003,0.8,0.0625,1.0,3080.350299,3080.320999,1.0,1.5,3081.190798573807,,3081.402399
3084.928999,0.8,0.125,1.0,3084.4317990000004,3084.3959990000003,1.0,1.5,3084.760798573807,,3084.9288990000005
3088.154499,0.8,0.25,1.0,3088.0011990000003,3087.970799,1.0,1.5,3087.9887985738064,,3088.154399
3095.0241990000004,0.8,0.0625,1.0,3092.326699,3092.2959990000004,1.0,1.5,3094.709798573806,,3095.024099
3100.824599,0.8,0.125,1.0,3100.284699,3100.253699,1.0,1.5,3100.5767985738053,,3100.824499
3105.153299,0.8,0.125,1.0,3104.078099,3104.045799,1.0,1.5,3105.0417985738045,,3105.153199
3108.900699,0.8,,-1.0,3108.323699,3108.295499,1.0,0.0,3108.7197985738044,0.125,3108.863999
3113.863299,0.8,,-1.0,3113.142299,3113.112199,1.0,0.0,3113.5817985738036,0.25,3113.832099
3118.593099,0.8,0.125,1.0,3117.940799,3117.912099,1.0,1.5,3118.2777985738035,,3118.592999
3122.091499,0.8,0.25,1.0,3121.6142990000003,3121.578499,1.0,1.5,3121.9347985738027,,3122.0913990000004
3125.869699,0.8,0.0,1.0,3125.247699,3125.219799,1.0,1.5,3125.6507985738026,,3125.869599
3130.090799,0.8,0.0,1.0,3128.977199,3128.945199,1.0,1.5,3129.954798573802,,3130.090699
3133.4876990000002,0.8,,-1.0,3133.118699,3133.086699,1.0,0.0,3133.2037985738016,1.0,3133.458999
3137.8667990000004,0.8,1.0,1.0,3137.581199,3137.553099,1.0,1.5,3137.5997985738013,,3137.866699
3141.910799,0.2,,-1.0,3141.005699,3140.978399,1.0,0.0,3141.6497985738006,0.25,3141.880199
3147.201399,0.2,,-1.0,3146.0202990000003,3145.986099,1.0,0.0,3147.0507985738,0.0625,3147.169099
3155.469799,0.2,,1.0,3151.182899,3151.152399,-1.0,1.5,3154.9117985737994,0.25,3155.469699
3159.121799,0.2,0.25,1.0,3158.800799,3158.769499,1.0,1.5,3158.851798573799,,3159.1216990000003
3162.6479990000003,0.2,1.0,1.0,3162.218199,3162.185699,1.0,1.5,3162.4157985737984,,3162.647899
3166.246099,0.2,0.0625,1.0,3165.9316989999998,3165.9026989999998,1.0,1.5,3165.984798573798,,3166.2459989999998
3170.0899990000003,0.2,,1.0,3169.4330990000003,3169.402599,-1.0,1.5,3169.9477985737976,0.25,3170.089899
3174.439699,0.2,,-1.0,3173.1625990000002,3173.127499,1.0,0.0,3174.032798573797,0.125,3174.409799
3182.538699,0.2,,-1.0,3179.405299,3179.377299,1.0,0.0,3182.321798573796,0.0625,3182.502899
3191.313799,0.2,0.125,-1.0,3186.9562990000004,3186.9274990000004,-1.0,0.0,3191.1307985737953,,3191.2835990000003
3200.7147990000003,0.2,,1.0,3195.3152990000003,3195.285499,-1.0,1.5,3200.579798573794,0.25,3200.714699
3205.017799,0.2,,1.0,3204.597399,3204.568099,-1.0,1.5,3204.754798573794,1.0,3205.017699
3209.0014990000004,0.2,,1.0,3208.1107990000005,3208.076899,-1.0,1.5,3208.8867985737934,0.125,3209.001399
3212.264399,0.2,,1.0,3212.0202990000003,3211.993499,-1.0,1.5,3212.065798573793,0.125,3212.264299
3220.355199,0.2,,1.0,3215.469699,3215.434599,-1.0,1.5,3220.192798573792,1.0,3220.3550990000003
3224.7576990000002,0.2,,1.0,3223.4076990000003,3223.376499,-1.0,1.5,3224.5757985737914,0.0625,3224.757599
3230.8073990000003,0.2,,1.0,3228.689399,3228.6596990000003,-1.0,1.5,3230.5187985737907,0.125,3230.807299
3234.438199,0.2,,1.0,3233.974999,3233.942899,-1.0,1.5,3234.0047985737906,0.25,3234.4380990000004
3238.1839990000003,0.2,,1.0,3237.692499,3237.6594990000003,-1.0,1.5,3237.94479857379,0.125,3238.183899
3245.807399,0.2,,-1.0,3241.461899,3241.4262989999997,1.0,0.0,3245.5637985737894,0.0,3245.776199
3254.1997990000004,0.2,,1.0,3249.9288990000005,3249.900199,-1.0,1.5,3254.023798573788,0.0625,3254.1996990000002
3259.103099,0.2,,-1.0,3257.285799,3257.250299,1.0,0.0,3258.9587985737876,0.0625,3259.075399
3268.246199,0.2,,-1.0,3263.204599,3263.175799,1.0,0.0,3267.986798573787,0.125,3268.211199
3275.221199,0.2,0.125,1.0,3272.539699,3272.5089989999997,1.0,1.5,3275.004798573786,,3275.221099
3278.994799,0.2,,1.0,3278.337399,3278.308699,-1.0,1.5,3278.7907985737857,0.125,3278.9946990000003
3288.562799,0.2,,1.0,3283.045999,3283.016399,-1.0,1.5,3288.0407985737847,1.0,3288.562699
3292.893199,0.2,,-1.0,3291.655999,3291.624899,1.0,0.0,3292.751798573784,0.125,3292.864199
3298.842499,0.2,,1.0,3297.478699,3297.441699,-1.0,1.5,3298.6027985737833,0.25,3298.8423989999997
3302.410899,0.2,,1.0,3301.899299,3301.866199,-1.0,1.5,3302.074798573783,0.0,3302.410799
3308.709499,0.2,,1.0,3305.4526990000004,3305.4247990000003,-1.0,1.5,3308.3277985737823,0.0,3308.7093990000003
3318.605599,0.2,,1.0,3311.890499,3311.8579990000003,-1.0,1.5,3318.353798573781,0.0,3318.6054990000002
3322.121799,0.2,,-1.0,3321.748699,3321.716099,1.0,0.0,3321.793798573781,0.0625,3322.092599
3329.2765990000003,0.2,0.0,-1.0,3326.403299,3326.3741990000003,-1.0,0.0,3329.0857985737803,,3329.241799
3334.363299,0.2,,-1.0,3333.410099,3333.381899,1.0,0.0,3334.1577985737795,0.125,3334.330899
3340.2938990000002,0.2,,1.0,3339.308899,3339.281999,-1.0,1.5,3340.022798573779,0.0,3340.293799
3344.994799,0.2,,1.0,3344.610499,3344.573899,-1.0,1.5,3344.6777985737785,1.0,3344.994699
3349.411499,0.2,,1.0,3348.147899,3348.114899,-1.0,1.5,3348.311798573778,1.0,3349.411399
3357.4465990000003,0.2,,1.0,3352.6774990000004,3352.6405990000003,-1.0,1.5,3357.303798573777,0.25,3357.446499
3362.7486989999998,0.2,0.0625,-1.0,3360.5874989999998,3360.5485989999997,-1.0,0.0,3362.6387985737765,,3362.718699
3369.4594990000005,0.2,0.25,-1.0,3366.978199,3366.9477990000005,-1.0,0.0,3369.3247985737758,,3369.4281990000004
3374.970999,0.2,,1.0,3374.609199,3374.581499,-1.0,1.5,3374.702798573775,1.0,3374.970899
3379.344399,0.2,,1.0,3378.846699,3378.814899,-1.0,1.5,3378.9917985737748,1.0,3379.3442990000003
3384.224499,0.2,0.0,1.0,3382.468099,3382.439899,1.0,1.5,3383.868798573774,,3384.224399
3387.722299,0.2,,1.0,3387.340699,3387.3064990000003,-1.0,1.5,3387.3497985737736,0.25,3387.7221990000003
3391.557799,0.2,1.0,1.0,3390.962199,3390.930899,1.0,1.5,3391.4197985737733,,3391.557699
3395.075699,0.2,,1.0,3394.687599,3394.6562989999998,-1.0,1.5,3394.776798573773,1.0,3395.075599
3400.093299,0.2,,-1.0,3398.227999,3398.197499,1.0,0.0,3399.938798573772,0.125,3400.061899
3412.396799,0.2,,-1.0,3405.386899,3405.356099,1.0,0.0,3412.148798573771,0.0625,3412.367299
3423.044399,0.2,,1.0,3416.602299,3416.572299,-1.0,1.5,3422.4337985737698,0.0625,3423.0442989999997
3432.241199,0.2,,1.0,3426.252499,3426.222499,-1.0,1.5,3432.0147985737685,1.0,3432.2410990000003
3448.448299,0.2,,1.0,3436.2866989999998,3436.255399,-1.0,1.5,3448.265798573767,1.0,3448.448199
3474.595199,0.2,,1.0,3452.961699,3452.929599,-1.0,1.5,3474.386798573764,0.25,3474.595099
3506.134199,0.2,,-1.0,3477.829799,3477.796199,1.0,0.0,3505.9467985737606,0.0,3506.098199
3519.8898990000002,0.2,,-1.0,3510.463699,3510.437199,1.0,0.0,3519.449798573759,0.0,3519.861499
3527.9728990000003,0.2,,-1.0,3524.139399,3524.1034990000003,1.0,0.0,3527.737798573758,1.0,3527.942199
3533.2421990000003,0.2,,1.0,3532.2983990000002,3532.2700990000003,-1.0,1.5,3533.0487985737577,0.125,3533.2420990000005
3537.9200990000004,0.2,,-1.0,3537.146999,3537.119799,1.0,0.0,3537.629798573757,0.125,3537.885599
3542.705699,0.2,,1.0,3542.217599,3542.1864990000004,-1.0,1.5,3542.2327985737566,0.25,3542.7055990000003
3546.4000990000004,0.2,,-1.0,3545.823099,3545.7947990000002,1.0,0.0,3546.1687985737562,0.0,3546.3670990000005
3580.259699,0.2,,1.0,3550.5295990000004,3550.5030990000005,-1.0,1.5,3554.2807985737554,0.0,3580.2595990000004
3595.5713990000004,0.2,1.0,1.0,3583.942699,3583.910499,1.0,1.5,3595.365798573751,,3595.571299
3599.6535989999998,0.2,,-1.0,3598.969499,3598.935399,1.0,0.0,3599.4927985737504,0.25,3599.622399
3617.074799,0.2,,1.0,3603.807099,3603.776699,-1.0,1.5,3616.921798573748,1.0,3617.0746990000002
3624.487599,0.2,,1.0,3620.754199,3620.7181990000004,-1.0,1.5,3624.1457985737475,0.0625,3624.4874990000003
3636.830199,0.2,,-1.0,3627.740099,3627.709599,1.0,0.0,3636.312798573746,0.25,3636.800599
3647.957499,0.2,0.0625,1.0,3641.1996990000002,3641.167799,1.0,1.5,3647.271798573745,,3647.957399
3655.058199,0.2,,1.0,3651.3338989999997,3651.300999,-1.0,1.5,3654.778798573744,1.0,3655.058099
3661.525199,0.2,,-1.0,3658.287799,3658.258699,1.0,0.0,3660.8277985737436,0.0,3661.4966990000003
3665.962299,0.2,,1.0,3665.706699,3665.675299,-1.0,1.5,3665.741798573743,0.0625,3665.962199
3673.7696990000004,0.2,,-1.0,3669.0800990000002,3669.050399,1.0,0.0,3673.456798573742,0.0625,3673.739199
3696.402899,0.2,0.0625,1.0,3678.015199,3677.983899,1.0,1.5,3696.20179857374,,3696.402799
